<?xml version="1.0" encoding="UTF-8"?>
<application-client version="7" xmlns="http://xmlns.jcp.org/xml/ns/javaee" xmlns:xsi="http://www.w3.org/2001/XMLSchema-instance" xsi:schemaLocation="http://xmlns.jcp.org/xml/ns/javaee http://xmlns.jcp.org/xml/ns/javaee/application-client_7.xsd">
  <display-name>ApplicationMEDECIN</display-name>
  <ejb-ref>
    <ejb-ref-name>SessionBeanPatient</ejb-ref-name>
    <ejb-ref-type>Session</ejb-ref-type>
    <remote>interfaces.SessionBeanPatientRemote</remote>
  </ejb-ref>
  <ejb-ref>
    <ejb-ref-name>SessionBeanAnalyses</ejb-ref-name>
    <ejb-ref-type>Session</ejb-ref-type>
    <remote>interfaces.SessionBeanAnalysesRemote</remote>
  </ejb-ref>
  <resource-ref>
    <res-ref-name>jms/myTopicFactory</res-ref-name>
    <res-type>javax.jms.ConnectionFactory</res-type>
    <res-auth>Container</res-auth>
    <res-sharing-scope>Shareable</res-sharing-scope>
  </resource-ref>
  <message-destination-ref>
    <message-destination-ref-name>jms/myTopic</message-destination-ref-name>
    <message-destination-type>javax.jms.Topic</message-destination-type>
    <message-destination-usage>Produces</message-destination-usage>
    <message-destination-link>jms/myTopic</message-destination-link>
  </message-destination-ref>
  <message-destination-ref>
    <message-destination-ref-name>jms/myTopic1</message-destination-ref-name>
    <message-destination-type>javax.jms.Topic</message-destination-type>
    <message-destination-usage>Produces</message-destination-usage>
    <message-destination-link>jms/myTopic</message-destination-link>
  </message-destination-ref>
</application-client>
